id,row,col,r,g,b,alpha_avg,label
1,0,0,0,0,0,0,
2,0,1,0,0,0,0,
3,0,2,0,0,0,0,
4,0,3,0,0,0,0,
5,0,4,0,0,0,0,
6,0,5,0,0,0,0,
7,0,6,0,0,0,0,
8,0,7,0,0,0,0,
9,0,8,0,0,0,0,
10,0,9,0,0,0,0,
11,0,10,0,0,0,0,
12,0,11,0,0,0,0,
13,0,12,0,0,0,136,
14,0,13,0,0,0,64,
15,0,14,0,0,0,59,
16,0,15,0,0,0,11,
17,0,16,0,0,0,72,
18,0,17,0,0,0,130,
19,0,18,0,0,0,68,
20,0,19,0,0,0,26,
21,0,20,0,0,0,0,
22,0,21,0,0,0,0,
23,0,22,0,0,0,0,
24,0,23,0,0,0,0,
25,0,24,0,0,0,0,
26,0,25,0,0,0,0,
27,0,26,0,0,0,0,
28,0,27,0,0,0,0,
29,0,28,0,0,0,0,
30,0,29,0,0,0,0,
31,0,30,0,0,0,0,
32,0,31,0,0,0,0,
33,0,32,0,0,0,0,
34,0,33,0,0,0,0,
35,0,34,0,0,0,0,
36,0,35,0,0,0,0,
37,0,36,0,0,0,0,
38,0,37,0,0,0,0,
39,0,38,58,37,27,84,
40,0,39,78,50,37,113,
41,0,40,0,0,0,0,
42,0,41,0,0,0,0,
43,0,42,0,0,0,0,
44,0,43,0,0,0,0,
45,0,44,0,0,0,0,
46,0,45,0,0,0,0,
47,0,46,0,0,0,0,
48,0,47,0,0,0,0,
49,0,48,0,0,0,0,
50,0,49,0,0,0,0,
51,0,50,0,0,0,0,
52,0,51,0,0,0,0,
53,0,52,0,0,0,0,
54,0,53,0,0,0,0,
55,0,54,0,0,0,0,
56,0,55,0,0,0,0,
57,0,56,0,0,0,0,
58,0,57,0,0,0,0,
59,0,58,0,0,0,0,
60,0,59,0,0,0,0,
61,0,60,0,0,0,0,
62,0,61,0,0,0,0,
63,0,62,0,0,0,0,
64,0,63,0,0,0,0,
65,1,0,0,0,0,0,
66,1,1,95,193,76,255,
67,1,2,99,199,77,255,
68,1,3,228,166,114,255,
69,1,4,0,153,219,255,
70,1,5,228,213,114,255,
71,1,6,62,39,49,255,
72,1,7,228,210,114,255,
73,1,8,228,212,114,255,
74,1,9,228,212,114,255,
75,1,10,0,0,0,0,
76,1,11,0,0,0,0,
77,1,12,0,0,0,60,
78,1,13,0,0,0,28,
79,1,14,0,0,0,26,
80,1,15,0,0,0,5,
81,1,16,0,0,0,32,
82,1,17,0,0,0,57,
83,1,18,0,0,0,30,
84,1,19,0,0,0,11,
85,1,20,0,0,0,0,
86,1,21,0,0,0,0,
87,1,22,0,0,0,0,
88,1,23,0,0,0,0,
89,1,24,0,0,0,0,
90,1,25,0,0,0,0,
91,1,26,0,0,0,0,
92,1,27,39,75,37,97,
93,1,28,39,75,37,97,
94,1,29,37,72,35,94,
95,1,30,38,72,35,94,
96,1,31,9,22,20,37,
97,1,32,5,10,9,16,
98,1,33,12,28,27,46,
99,1,34,12,29,29,48,
100,1,35,0,0,0,0,
101,1,36,0,0,0,0,
102,1,37,140,83,56,191,
103,1,38,65,42,31,95,
104,1,39,65,42,31,95,
105,1,40,51,34,25,71,
106,1,41,70,46,34,98,
107,1,42,70,47,34,98,
108,1,43,0,0,0,0,
109,1,44,89,100,121,199,
110,1,45,109,122,146,237,
111,1,46,99,110,132,211,
112,1,47,104,116,140,228,
113,1,48,0,0,0,0,
114,1,49,22,45,21,75,
115,1,50,22,45,21,75,
116,1,51,79,120,65,249,
117,1,52,79,120,65,249,
118,1,53,0,0,0,0,
119,1,54,0,0,0,0,
120,1,55,45,91,45,159,
121,1,56,45,91,45,159,
122,1,57,45,91,45,159,
123,1,58,45,91,45,159,
124,1,59,0,0,0,0,
125,1,60,0,0,0,0,
126,1,61,0,0,0,0,
127,1,62,0,0,0,0,
128,1,63,0,0,0,0,
129,2,0,0,0,0,0,
130,2,1,104,200,79,255,
131,2,2,101,200,78,255,
132,2,3,101,199,78,255,
133,2,4,96,195,81,255,
134,2,5,98,197,79,255,
135,2,6,98,198,78,255,
136,2,7,11,13,18,55,
137,2,8,43,56,86,255,
138,2,9,11,13,18,55,
139,2,10,17,12,14,55,
140,2,11,70,52,64,255,
141,2,12,17,12,14,55,
142,2,13,0,0,0,0,
143,2,14,193,131,103,255,
144,2,15,76,52,41,100,
145,2,16,0,0,0,0,
146,2,17,0,0,0,0,
147,2,18,0,0,0,0,
148,2,19,121,100,102,208,
149,2,20,43,57,75,102,
150,2,21,121,100,102,208,
151,2,22,130,102,101,218,
152,2,23,55,66,84,124,
153,2,24,130,102,101,218,
154,2,25,12,44,84,112,
155,2,26,0,0,0,0,
156,2,27,15,29,15,38,
157,2,28,18,35,17,45,
158,2,29,21,39,19,51,
159,2,30,15,30,15,39,
160,2,31,24,17,11,37,
161,2,32,12,7,4,16,
162,2,33,34,19,13,46,
163,2,34,36,16,12,44,
164,2,35,0,0,0,0,
165,2,36,0,0,0,0,
166,2,37,111,66,46,162,
167,2,38,58,37,27,84,
168,2,39,78,50,37,113,
169,2,40,96,63,47,137,
170,2,41,78,50,37,113,
171,2,42,58,37,27,84,
172,2,43,0,0,0,0,
173,2,44,61,67,79,117,
174,2,45,82,90,107,165,
175,2,46,116,66,48,170,
176,2,47,82,90,107,165,
177,2,48,9,3,4,16,
178,2,49,17,39,28,90,
179,2,50,17,39,28,90,
180,2,51,66,124,65,253,
181,2,52,66,124,65,253,
182,2,53,0,0,0,0,
183,2,54,0,0,0,0,
184,2,55,27,47,40,135,
185,2,56,63,119,68,247,
186,2,57,63,119,68,247,
187,2,58,27,47,40,135,
188,2,59,0,0,0,0,
189,2,60,0,0,0,0,
190,2,61,0,0,0,0,
191,2,62,0,0,0,0,
192,2,63,0,0,0,0,
193,3,0,97,196,77,255,
194,3,1,97,196,76,255,
195,3,2,100,199,78,255,
196,3,3,100,199,78,255,
197,3,4,98,196,81,255,
198,3,5,100,199,78,255,
199,3,6,98,197,80,255,
200,3,7,100,199,78,255,
201,3,8,56,111,46,144,
202,3,9,0,0,0,0,
203,3,10,87,51,37,135,
204,3,11,188,121,91,255,
205,3,12,87,51,37,135,
206,3,13,20,14,11,27,
207,3,14,101,69,54,133,
208,3,15,15,10,8,20,
209,3,16,0,0,0,0,
210,3,17,0,0,0,0,
211,3,18,0,0,0,0,
212,3,19,6,22,42,56,
213,3,20,2,8,15,18,
214,3,21,6,22,42,56,
215,3,22,7,24,47,62,
216,3,23,1,2,4,5,
217,3,24,7,24,47,62,
218,3,25,13,49,94,124,
219,3,26,0,0,0,0,
220,3,27,15,30,15,40,
221,3,28,17,34,16,46,
222,3,29,18,36,18,50,
223,3,30,19,37,18,51,
224,3,31,24,26,19,34,
225,3,32,14,15,11,20,
226,3,33,38,42,30,58,
227,3,34,38,42,34,54,
228,3,35,64,67,54,93,
229,3,36,0,0,0,0,
230,3,37,70,42,28,96,
231,3,38,0,0,0,0,
232,3,39,70,45,33,102,
233,3,40,58,39,28,81,
234,3,41,40,25,18,57,
235,3,42,0,0,0,0,
236,3,43,0,0,0,0,
237,3,44,56,63,76,122,
238,3,45,103,113,135,214,
239,3,46,106,116,139,219,
240,3,47,103,113,136,219,
241,3,48,26,10,12,46,
242,3,49,27,39,20,75,
243,3,50,32,36,20,77,
244,3,51,0,0,0,0,
245,3,52,4,8,4,12,
246,3,53,45,91,45,159,
247,3,54,45,91,45,159,
248,3,55,45,91,46,161,
249,3,56,64,124,69,253,
250,3,57,64,124,69,253,
251,3,58,45,91,46,161,
252,3,59,45,91,45,159,
253,3,60,45,91,45,159,
254,3,61,0,0,0,0,
255,3,62,0,0,0,0,
256,3,63,0,0,0,0,
257,4,0,0,0,0,0,
258,4,1,100,199,78,255,
259,4,2,100,199,78,255,
260,4,3,98,197,80,255,
261,4,4,56,111,46,144,
262,4,5,102,191,77,255,
263,4,6,124,150,72,255,
264,4,7,124,150,72,255,
265,4,8,0,0,0,0,
266,4,9,0,0,0,0,
267,4,10,164,94,70,255,
268,4,11,188,106,78,255,
269,4,12,164,95,70,255,
270,4,13,0,0,0,0,
271,4,14,71,152,94,255,
272,4,15,73,156,95,255,
273,4,16,75,160,95,255,
274,4,17,73,156,95,255,
275,4,18,0,0,0,0,
276,4,19,59,124,72,175,
277,4,20,5,19,37,44,
278,4,21,59,124,72,175,
279,4,22,61,132,86,192,
280,4,23,4,15,30,36,
281,4,24,61,132,86,192,
282,4,25,0,0,0,0,
283,4,26,0,0,0,0,
284,4,27,28,55,27,69,
285,4,28,32,61,30,78,
286,4,29,32,62,30,79,
287,4,30,29,55,27,70,
288,4,31,44,48,57,89,
289,4,32,36,40,48,82,
290,4,33,23,26,31,51,
291,4,34,13,14,18,32,
292,4,35,0,0,0,0,
293,4,36,0,0,0,0,
294,4,37,51,30,21,75,
295,4,38,24,16,11,30,
296,4,39,0,0,0,0,
297,4,40,47,30,22,67,
298,4,41,0,0,0,0,
299,4,42,0,0,0,0,
300,4,43,0,0,0,0,
301,4,44,64,71,83,123,
302,4,45,80,88,105,169,
303,4,46,57,29,21,90,
304,4,47,80,88,105,169,
305,4,48,34,19,10,46,
306,4,49,22,36,28,90,
307,4,50,21,37,28,90,
308,4,51,38,82,48,165,
309,4,52,35,77,39,163,
310,4,53,27,47,40,135,
311,4,54,63,119,68,247,
312,4,55,63,119,68,247,
313,4,56,63,120,69,249,
314,4,57,63,120,69,249,
315,4,58,63,119,68,247,
316,4,59,63,119,68,247,
317,4,60,27,47,40,135,
318,4,61,0,0,0,0,
319,4,62,0,0,0,0,
320,4,63,0,0,0,0,
321,5,0,0,0,0,0,
322,5,1,0,0,0,0,
323,5,2,0,0,0,0,
324,5,3,0,0,0,0,
325,5,4,0,0,0,0,
326,5,5,0,0,0,0,
327,5,6,155,204,96,255,
328,5,7,155,204,96,255,
329,5,8,99,197,80,255,
330,5,9,99,197,80,255,
331,5,10,194,150,91,255,
332,5,11,0,0,0,0,
333,5,12,194,150,91,255,
334,5,13,0,0,0,0,
335,5,14,220,160,116,255,
336,5,15,0,0,0,0,
337,5,16,77,56,41,92,
338,5,17,0,0,0,0,
339,5,18,0,0,0,0,
340,5,19,149,155,123,208,
341,5,20,44,60,76,102,
342,5,21,149,155,123,208,
343,5,22,162,166,125,218,
344,5,23,60,76,87,124,
345,5,24,162,166,125,218,
346,5,25,0,0,0,0,
347,5,26,0,0,0,0,
348,5,27,40,44,58,120,
349,5,28,31,33,44,93,
350,5,29,39,43,55,112,
351,5,30,0,0,0,0,
352,5,31,76,48,41,138,
353,5,32,82,56,45,138,
354,5,33,0,0,0,0,
355,5,34,0,0,0,0,
356,5,35,0,0,0,0,
357,5,36,0,0,0,0,
358,5,37,158,100,69,211,
359,5,38,200,138,98,253,
360,5,39,49,31,22,70,
361,5,40,202,140,99,251,
362,5,41,49,31,22,70,
363,5,42,0,0,0,0,
364,5,43,0,0,0,0,
365,5,44,58,64,76,117,
366,5,45,0,0,0,0,
367,5,46,0,0,0,0,
368,5,47,0,0,0,0,
369,5,48,12,7,3,16,
370,5,49,31,43,20,75,
371,5,50,38,43,19,77,
372,5,51,0,0,0,0,
373,5,52,40,62,40,155,
374,5,53,45,91,46,161,
375,5,54,64,124,69,253,
376,5,55,64,124,69,253,
377,5,56,64,124,69,253,
378,5,57,64,124,69,253,
379,5,58,64,124,69,253,
380,5,59,64,124,69,253,
381,5,60,45,91,46,161,
382,5,61,0,0,0,0,
383,5,62,0,0,0,0,
384,5,63,0,0,0,0,
385,6,0,0,0,0,0,
386,6,1,0,0,0,0,
387,6,2,0,0,0,0,
388,6,3,0,0,0,0,
389,6,4,0,0,0,0,
390,6,5,0,0,0,0,
391,6,6,0,0,0,0,
392,6,7,0,0,0,0,
393,6,8,0,0,0,0,
394,6,9,0,0,0,0,
395,6,10,134,144,73,255,
396,6,11,0,0,0,0,
397,6,12,134,144,73,255,
398,6,13,23,16,12,27,
399,6,14,114,82,59,133,
400,6,15,18,13,9,20,
401,6,16,77,55,39,89,
402,6,17,0,0,0,0,
403,6,18,0,0,0,0,
404,6,19,2,6,10,14,
405,6,20,0,0,0,0,
406,6,21,2,6,10,14,
407,6,22,5,10,16,21,
408,6,23,0,0,0,0,
409,6,24,5,10,16,21,
410,6,25,0,0,0,0,
411,6,26,36,36,36,36,
412,6,27,34,34,34,34,
413,6,28,35,35,35,35,
414,6,29,31,31,31,31,
415,6,30,79,194,235,255,
416,6,31,77,193,235,255,
417,6,32,78,194,235,255,
418,6,33,75,193,235,255,
419,6,34,179,113,87,255,
420,6,35,0,0,0,0,
421,6,36,0,0,0,0,
422,6,37,0,0,0,0,
423,6,38,38,24,20,64,
424,6,39,0,0,0,0,
425,6,40,196,133,94,251,
426,6,41,0,0,0,0,
427,6,42,0,0,0,0,
428,6,43,0,0,0,0,
429,6,44,37,25,22,82,
430,6,45,0,0,0,0,
431,6,46,0,0,0,0,
432,6,47,0,0,0,0,
433,6,48,0,0,0,0,
434,6,49,25,39,27,90,
435,6,50,22,39,28,90,
436,6,51,11,24,12,48,
437,6,52,11,24,12,48,
438,6,53,27,47,40,135,
439,6,54,29,50,42,141,
440,6,55,29,50,42,141,
441,6,56,63,120,69,249,
442,6,57,63,120,69,249,
443,6,58,29,50,42,141,
444,6,59,29,50,42,141,
445,6,60,27,47,40,135,
446,6,61,0,0,0,0,
447,6,62,0,0,0,0,
448,6,63,0,0,0,0,
449,7,0,0,0,0,0,
450,7,1,228,166,114,255,
451,7,2,112,109,63,164,
452,7,3,112,109,63,164,
453,7,4,22,32,16,48,
454,7,5,119,112,68,164,
455,7,6,18,35,17,48,
456,7,7,4,8,3,10,
457,7,8,2,4,2,5,
458,7,9,224,163,114,255,
459,7,10,224,162,113,255,
460,7,11,228,167,117,255,
461,7,12,194,133,105,255,
462,7,13,100,96,60,164,
463,7,14,100,96,60,164,
464,7,15,21,32,16,48,
465,7,16,105,98,64,164,
466,7,17,18,35,17,48,
467,7,18,4,8,3,10,
468,7,19,2,4,2,5,
469,7,20,193,131,103,255,
470,7,21,193,131,103,255,
471,7,22,50,220,232,255,
472,7,23,79,202,134,255,
473,7,24,80,202,134,255,
474,7,25,97,196,80,255,
475,7,26,77,206,147,255,
476,7,27,97,196,80,255,
477,7,28,99,199,77,255,
478,7,29,99,199,77,255,
479,7,30,48,183,231,255,
480,7,31,48,183,231,255,
481,7,32,49,183,231,255,
482,7,33,49,183,231,255,
483,7,34,228,195,114,255,
484,7,35,58,49,29,65,
485,7,36,58,49,29,65,
486,7,37,28,23,14,32,
487,7,38,59,50,29,66,
488,7,39,37,32,19,42,
489,7,40,2,2,1,2,
490,7,41,1,1,0,1,
491,7,42,228,195,114,255,
492,7,43,228,194,114,255,
493,7,44,76,50,50,173,
494,7,45,38,38,50,97,
495,7,46,43,42,54,107,
496,7,47,68,69,88,161,
497,7,48,50,50,63,120,
498,7,49,9,36,53,82,
499,7,50,14,55,80,127,
500,7,51,28,58,29,120,
501,7,52,28,58,29,120,
502,7,53,1,2,2,5,
503,7,54,1,2,2,5,
504,7,55,45,91,46,161,
505,7,56,64,124,69,253,
506,7,57,64,124,69,253,
507,7,58,45,91,46,161,
508,7,59,1,2,2,5,
509,7,60,1,2,2,5,
510,7,61,0,0,0,0,
511,7,62,0,0,0,0,
512,7,63,0,0,0,0,
513,8,0,0,0,0,0,
514,8,1,119,112,68,164,
515,8,2,4,8,3,10,
516,8,3,18,35,17,48,
517,8,4,2,4,2,5,
518,8,5,18,35,18,48,
519,8,6,2,4,2,5,
520,8,7,2,4,2,5,
521,8,8,0,0,0,0,
522,8,9,225,163,113,255,
523,8,10,228,167,116,255,
524,8,11,0,0,0,0,
525,8,12,105,97,63,164,
526,8,13,4,8,3,10,
527,8,14,18,35,17,48,
528,8,15,2,4,2,5,
529,8,16,18,35,18,48,
530,8,17,2,4,2,5,
531,8,18,2,4,2,5,
532,8,19,0,0,0,0,
533,8,20,194,132,104,255,
534,8,21,193,131,103,255,
535,8,22,77,206,147,255,
536,8,23,99,199,77,255,
537,8,24,97,196,80,255,
538,8,25,99,199,77,255,
539,8,26,98,196,81,255,
540,8,27,99,199,77,255,
541,8,28,99,199,77,255,
542,8,29,99,199,77,255,
543,8,30,48,218,231,255,
544,8,31,48,218,231,255,
545,8,32,49,219,231,255,
546,8,33,49,219,231,255,
547,8,34,59,50,29,66,
548,8,35,2,2,1,2,
549,8,36,37,32,19,42,
550,8,37,1,1,0,1,
551,8,38,28,24,14,32,
552,8,39,1,1,0,1,
553,8,40,1,1,0,1,
554,8,41,0,0,0,0,
555,8,42,228,195,114,255,
556,8,43,228,194,114,255,
557,8,44,1,1,2,4,
558,8,45,31,22,27,66,
559,8,46,75,84,112,201,
560,8,47,0,0,0,0,
561,8,48,74,71,89,179,
562,8,49,53,27,27,82,
563,8,50,5,19,27,45,
564,8,51,10,9,9,31,
565,8,52,10,10,10,32,
566,8,53,0,0,0,0,
567,8,54,0,0,0,0,
568,8,55,27,47,40,135,
569,8,56,29,50,42,141,
570,8,57,29,50,42,141,
571,8,58,27,47,40,135,
572,8,59,0,0,0,0,
573,8,60,0,0,0,0,
574,8,61,0,0,0,0,
575,8,62,0,0,0,0,
576,8,63,0,0,0,0,
577,9,0,0,0,0,0,
578,9,1,197,128,91,255,
579,9,2,167,111,88,255,
580,9,3,167,111,88,255,
581,9,4,168,113,89,255,
582,9,5,191,136,108,255,
583,9,6,70,51,43,96,
584,9,7,136,97,78,185,
585,9,8,66,49,41,90,
586,9,9,157,111,90,209,
587,9,10,139,84,72,255,
588,9,11,108,37,40,159,
589,9,12,165,102,78,255,
590,9,13,73,23,26,96,
591,9,14,0,0,0,0,
592,9,15,28,18,16,46,
593,9,16,15,50,64,80,
594,9,17,28,18,16,46,
595,9,18,28,182,214,255,
596,9,19,37,44,48,86,
597,9,20,176,130,104,255,
598,9,21,176,130,104,255,
599,9,22,43,30,23,64,
600,9,23,43,30,23,64,
601,9,24,58,128,163,255,
602,9,25,58,128,163,255,
603,9,26,58,131,165,255,
604,9,27,61,134,166,255,
605,9,28,28,121,172,255,
606,9,29,6,5,5,12,
607,9,30,68,60,55,124,
608,9,31,6,5,5,12,
609,9,32,43,34,28,63,
610,9,33,87,72,65,151,
611,9,34,43,34,28,63,
612,9,35,79,49,39,128,
613,9,36,79,49,39,128,
614,9,37,50,35,25,64,
615,9,38,50,35,25,64,
616,9,39,158,99,78,255,
617,9,40,101,69,50,128,
618,9,41,0,0,0,0,
619,9,42,0,0,0,0,
620,9,43,18,11,9,22,
621,9,44,0,0,0,0,
622,9,45,0,0,0,0,
623,9,46,0,0,0,0,
624,9,47,0,0,0,0,
625,9,48,0,0,0,0,
626,9,49,0,0,0,0,
627,9,50,0,0,0,0,
628,9,51,0,0,0,0,
629,9,52,0,0,0,0,
630,9,53,0,0,0,0,
631,9,54,0,0,0,0,
632,9,55,1,2,2,5,
633,9,56,1,2,2,5,
634,9,57,1,2,2,5,
635,9,58,1,2,2,5,
636,9,59,0,0,0,0,
637,9,60,0,0,0,0,
638,9,61,0,0,0,0,
639,9,62,0,0,0,0,
640,9,63,0,0,0,0,
641,10,0,0,0,0,0,
642,10,1,191,136,108,255,
643,10,2,136,97,78,185,
644,10,3,70,51,43,96,
645,10,4,66,49,41,90,
646,10,5,192,135,104,255,
647,10,6,70,48,38,96,
648,10,7,70,48,38,96,
649,10,8,0,0,0,0,
650,10,9,153,107,92,255,
651,10,10,192,132,96,255,
652,10,11,50,29,24,96,
653,10,12,168,95,76,255,
654,10,13,50,29,24,96,
655,10,14,0,0,0,0,
656,10,15,95,78,64,128,
657,10,16,33,180,208,255,
658,10,17,95,78,64,128,
659,10,18,50,215,231,255,
660,10,19,105,104,97,167,
661,10,20,41,122,162,255,
662,10,21,53,134,173,255,
663,10,22,105,123,134,255,
664,10,23,104,122,133,255,
665,10,24,57,137,174,255,
666,10,25,42,53,65,111,
667,10,26,97,88,85,191,
668,10,27,97,88,85,191,
669,10,28,42,53,65,111,
670,10,29,3,2,2,5,
671,10,30,54,129,166,255,
672,10,31,3,2,2,5,
673,10,32,1,8,11,15,
674,10,33,11,56,74,96,
675,10,34,1,8,11,15,
676,10,35,89,59,44,128,
677,10,36,89,59,44,128,
678,10,37,78,48,38,128,
679,10,38,78,48,38,128,
680,10,39,179,117,88,255,
681,10,40,156,95,75,255,
682,10,41,0,0,0,0,
683,10,42,0,0,0,0,
684,10,43,166,123,97,191,
685,10,44,19,12,10,24,
686,10,45,170,124,98,207,
687,10,46,19,12,10,24,
688,10,47,0,0,0,0,
689,10,48,52,55,60,76,
690,10,49,43,47,56,88,
691,10,50,63,66,72,104,
692,10,51,66,45,19,91,
693,10,52,64,68,54,106,
694,10,53,82,49,25,123,
695,10,54,110,91,35,162,
696,10,55,56,44,32,126,
697,10,56,48,47,31,92,
698,10,57,54,26,17,74,
699,10,58,70,36,51,102,
700,10,59,56,49,46,123,
701,10,60,76,50,10,78,
702,10,61,29,63,33,118,
703,10,62,7,34,49,72,
704,10,63,51,25,23,72,
705,11,0,0,0,0,0,
706,11,1,0,0,0,0,
707,11,2,0,0,0,0,
708,11,3,0,0,0,0,
709,11,4,0,0,0,0,
710,11,5,0,0,0,0,
711,11,6,0,0,0,0,
712,11,7,0,0,0,0,
713,11,8,0,0,0,0,
714,11,9,182,126,103,255,
715,11,10,193,136,108,255,
716,11,11,0,0,0,0,
717,11,12,189,65,71,255,
718,11,13,130,76,66,255,
719,11,14,13,9,10,42,
720,11,15,96,79,66,128,
721,11,16,38,184,211,255,
722,11,17,96,79,66,128,
723,11,18,108,147,159,255,
724,11,19,112,167,168,255,
725,11,20,8,51,80,112,
726,11,21,19,128,186,255,
727,11,22,58,127,162,255,
728,11,23,124,175,167,255,
729,11,24,114,155,156,255,
730,11,25,124,175,167,255,
731,11,26,58,127,162,255,
732,11,27,19,128,186,255,
733,11,28,8,51,80,112,
734,11,29,0,0,0,0,
735,11,30,18,133,189,255,
736,11,31,0,0,0,0,
737,11,32,7,53,80,112,
738,11,33,21,139,194,255,
739,11,34,7,53,80,112,
740,11,35,0,0,0,0,
741,11,36,7,6,11,41,
742,11,37,4,3,6,21,
743,11,38,4,3,6,21,
744,11,39,39,29,21,46,
745,11,40,91,66,48,112,
746,11,41,39,29,21,46,
747,11,42,61,36,27,90,
748,11,43,29,20,17,46,
749,11,44,0,0,0,0,
750,11,45,0,0,0,0,
751,11,46,0,0,0,0,
752,11,47,0,0,0,0,
753,11,48,32,23,23,76,
754,11,49,42,29,24,73,
755,11,50,76,57,46,90,
756,11,51,27,17,13,35,
757,11,52,17,13,11,21,
758,11,53,10,20,11,35,
759,11,54,14,16,20,35,
760,11,55,18,9,7,28,
761,11,56,16,10,7,24,
762,11,57,23,13,9,28,
763,11,58,15,8,11,21,
764,11,59,15,7,5,21,
765,11,60,28,16,4,29,
766,11,61,7,8,10,21,
767,11,62,0,0,0,0,
768,11,63,0,0,0,0,
769,12,0,0,0,0,0,
770,12,1,0,0,0,0,
771,12,2,167,111,88,255,
772,12,3,167,111,88,255,
773,12,4,168,113,89,255,
774,12,5,176,122,98,255,
775,12,6,70,51,43,96,
776,12,7,129,91,74,185,
777,12,8,66,49,41,90,
778,12,9,72,53,45,96,
779,12,10,48,35,29,66,
780,12,11,0,0,0,0,
781,12,12,189,81,74,255,
782,12,13,138,72,66,255,
783,12,14,51,32,25,78,
784,12,15,78,52,43,128,
785,12,16,23,137,189,255,
786,12,17,78,52,43,128,
787,12,18,22,129,186,255,
788,12,19,90,120,137,255,
789,12,20,47,60,68,119,
790,12,21,134,120,113,255,
791,12,22,181,122,91,255,
792,12,23,189,127,93,255,
793,12,24,180,132,106,255,
794,12,25,127,175,168,255,
795,12,26,181,122,91,255,
796,12,27,134,120,113,255,
797,12,28,47,60,68,119,
798,12,29,3,2,2,5,
799,12,30,56,116,144,223,
800,12,31,3,2,2,5,
801,12,32,47,60,68,119,
802,12,33,109,125,132,255,
803,12,34,46,60,69,119,
804,12,35,0,0,0,0,
805,12,36,0,0,0,0,
806,12,37,31,19,15,48,
807,12,38,209,150,112,255,
808,12,39,91,66,48,112,
809,12,40,227,175,142,255,
810,12,41,91,66,48,112,
811,12,42,155,86,60,231,
812,12,43,50,27,19,74,
813,12,44,0,0,0,0,
814,12,45,89,45,33,126,
815,12,46,115,57,41,163,
816,12,47,92,48,34,131,
817,12,48,30,16,14,66,
818,12,49,8,28,42,70,
819,12,50,111,77,56,137,
820,12,51,12,14,9,26,
821,12,52,14,19,12,34,
822,12,53,15,22,13,40,
823,12,54,18,27,16,48,
824,12,55,8,13,8,26,
825,12,56,8,13,8,26,
826,12,57,11,13,8,24,
827,12,58,20,29,18,54,
828,12,59,8,11,7,24,
829,12,60,23,35,19,63,
830,12,61,8,14,7,24,
831,12,62,0,0,0,0,
832,12,63,0,0,0,0,
833,13,0,0,0,0,0,
834,13,1,176,122,98,255,
835,13,2,129,90,74,185,
836,13,3,70,51,43,96,
837,13,4,66,49,41,90,
838,13,5,172,116,91,255,
839,13,6,63,42,33,96,
840,13,7,63,42,33,96,
841,13,8,0,0,0,0,
842,13,9,174,118,93,255,
843,13,10,0,0,0,0,
844,13,11,0,0,0,0,
845,13,12,128,39,44,175,
846,13,13,62,49,65,255,
847,13,14,17,12,14,56,
848,13,15,72,51,41,109,
849,13,16,139,132,124,255,
850,13,17,72,51,41,109,
851,13,18,147,116,104,255,
852,13,19,155,125,110,255,
853,13,20,64,43,32,97,
854,13,21,184,124,93,255,
855,13,22,63,220,232,255,
856,13,23,180,131,105,255,
857,13,24,180,131,104,255,
858,13,25,180,131,105,255,
859,13,26,57,220,232,255,
860,13,27,57,220,232,255,
861,13,28,64,43,32,97,
862,13,29,4,3,2,7,
863,13,30,145,99,82,255,
864,13,31,4,3,2,7,
865,13,32,64,43,32,97,
866,13,33,164,114,89,255,
867,13,34,64,43,32,97,
868,13,35,0,0,0,0,
869,13,36,0,0,0,0,
870,13,37,0,0,0,0,
871,13,38,204,143,106,255,
872,13,39,48,35,26,60,
873,13,40,112,81,61,143,
874,13,41,48,35,26,60,
875,13,42,16,9,7,26,
876,13,43,41,21,15,58,
877,13,44,42,21,15,60,
878,13,45,83,42,30,118,
879,13,46,129,65,49,193,
880,13,47,132,68,52,202,
881,13,48,0,0,0,0,
882,13,49,45,23,16,72,
883,13,50,103,69,54,137,
884,13,51,21,18,9,32,
885,13,52,24,28,20,44,
886,13,53,20,34,20,60,
887,13,54,16,29,16,57,
888,13,55,9,15,10,34,
889,13,56,9,16,10,34,
890,13,57,10,17,11,39,
891,13,58,22,18,17,42,
892,13,59,13,18,11,36,
893,13,60,28,48,26,90,
894,13,61,14,24,12,40,
895,13,62,0,0,0,0,
896,13,63,0,0,0,0,
897,14,0,0,0,0,0,
898,14,1,0,0,0,0,
899,14,2,0,0,0,0,
900,14,3,0,0,0,0,
901,14,4,0,0,0,0,
902,14,5,0,0,0,0,
903,14,6,0,0,0,0,
904,14,7,0,0,0,0,
905,14,8,0,0,0,0,
906,14,9,0,0,0,0,
907,14,10,0,0,0,0,
908,14,11,0,0,0,0,
909,14,12,83,50,64,255,
910,14,13,124,77,74,255,
911,14,14,0,0,0,0,
912,14,15,66,44,33,96,
913,14,16,112,114,117,255,
914,14,17,66,44,33,96,
915,14,18,85,125,149,255,
916,14,19,22,128,185,255,
917,14,20,27,152,197,255,
918,14,21,0,0,0,0,
919,14,22,43,29,22,64,
920,14,23,99,78,66,143,
921,14,24,99,78,64,143,
922,14,25,99,78,66,143,
923,14,26,43,29,22,64,
924,14,27,46,35,30,70,
925,14,28,46,35,30,70,
926,14,29,0,0,0,0,
927,14,30,80,133,156,255,
928,14,31,0,0,0,0,
929,14,32,0,0,0,0,
930,14,33,0,0,0,0,
931,14,34,0,0,0,0,
932,14,35,0,0,0,0,
933,14,36,0,0,0,0,
934,14,37,0,0,0,0,
935,14,38,0,0,0,0,
936,14,39,153,110,81,192,
937,14,40,141,101,74,174,
938,14,41,0,0,0,0,
939,14,42,0,0,0,0,
940,14,43,0,0,0,0,
941,14,44,0,0,0,0,
942,14,45,0,0,0,0,
943,14,46,0,0,0,0,
944,14,47,0,0,0,0,
945,14,48,0,0,0,0,
946,14,49,142,92,76,255,
947,14,50,0,0,0,0,
948,14,51,1,2,1,4,
949,14,52,0,0,0,0,
950,14,53,0,1,1,2,
951,14,54,4,8,4,15,
952,14,55,1,1,1,4,
953,14,56,0,0,0,0,
954,14,57,0,1,1,3,
955,14,58,0,0,0,0,
956,14,59,3,6,3,12,
957,14,60,9,19,10,35,
958,14,61,0,0,0,0,
959,14,62,0,0,0,0,
960,14,63,0,0,0,0,
961,15,0,0,0,0,0,
962,15,1,94,107,137,255,
963,15,2,122,134,159,255,
964,15,3,122,134,158,255,
965,15,4,123,135,160,255,
966,15,5,138,151,173,255,
967,15,6,59,63,71,96,
968,15,7,107,116,132,185,
969,15,8,58,62,69,90,
970,15,9,134,148,171,255,
971,15,10,135,149,172,255,
972,15,11,42,47,57,96,
973,15,12,50,56,67,108,
974,15,13,116,132,158,255,
975,15,14,118,133,159,255,
976,15,15,0,0,0,0,
977,15,16,133,82,102,255,
978,15,17,0,0,0,0,
979,15,18,119,130,135,255,
980,15,19,17,80,116,156,
981,15,20,43,34,28,63,
982,15,21,97,87,85,191,
983,15,22,64,121,155,255,
984,15,23,113,156,155,255,
985,15,24,114,155,156,255,
986,15,25,99,78,64,143,
987,15,26,64,121,155,255,
988,15,27,97,87,85,191,
989,15,28,43,34,28,63,
990,15,29,37,28,25,63,
991,15,30,15,49,68,113,
992,15,31,37,28,25,63,
993,15,32,0,0,0,0,
994,15,33,0,0,0,0,
995,15,34,0,0,0,0,
996,15,35,0,0,0,0,
997,15,36,0,0,0,0,
998,15,37,0,0,0,0,
999,15,38,0,0,0,0,
1000,15,39,0,0,0,0,
1001,15,40,0,0,0,0,
1002,15,41,6,4,4,20,
1003,15,42,0,0,0,0,
1004,15,43,32,31,37,75,
1005,15,44,52,52,62,124,
1006,15,45,38,38,45,91,
1007,15,46,46,47,56,112,
1008,15,47,42,42,50,101,
1009,15,48,0,0,0,0,
1010,15,49,99,63,49,163,
1011,15,50,106,71,52,137,
1012,15,51,39,33,15,56,
1013,15,52,40,50,35,82,
1014,15,53,54,38,20,88,
1015,15,54,19,36,21,74,
1016,15,55,26,19,14,54,
1017,15,56,24,27,18,48,
1018,15,57,26,24,15,57,
1019,15,58,48,41,37,90,
1020,15,59,28,20,22,56,
1021,15,60,37,68,35,120,
1022,15,61,20,38,20,70,
1023,15,62,0,0,0,0,
1024,15,63,0,0,0,0,
1025,16,0,0,0,0,0,
1026,16,1,138,151,174,255,
1027,16,2,106,116,132,185,
1028,16,3,61,65,72,96,
1029,16,4,57,61,68,90,
1030,16,5,134,149,173,255,
1031,16,6,49,54,63,96,
1032,16,7,49,54,63,96,
1033,16,8,116,132,158,255,
1034,16,9,136,149,173,255,
1035,16,10,135,149,172,255,
1036,16,11,124,137,161,255,
1037,16,12,106,120,146,255,
1038,16,13,118,134,160,255,
1039,16,14,118,134,160,255,
1040,16,15,0,0,0,0,
1041,16,16,0,0,0,0,
1042,16,17,0,0,0,0,
1043,16,18,0,0,0,0,
1044,16,19,0,0,0,0,
1045,16,20,0,0,0,0,
1046,16,21,0,0,0,0,
1047,16,22,0,0,0,0,
1048,16,23,0,0,0,0,
1049,16,24,0,0,0,0,
1050,16,25,0,0,0,0,
1051,16,26,0,0,0,0,
1052,16,27,0,0,0,0,
1053,16,28,0,0,0,0,
1054,16,29,0,0,0,0,
1055,16,30,0,0,0,0,
1056,16,31,0,0,0,0,
1057,16,32,0,0,0,0,
1058,16,33,0,0,0,0,
1059,16,34,0,0,0,0,
1060,16,35,0,0,0,0,
1061,16,36,24,22,28,67,
1062,16,37,38,28,29,78,
1063,16,38,67,54,59,148,
1064,16,39,80,54,51,148,
1065,16,40,70,48,48,148,
1066,16,41,66,48,52,149,
1067,16,42,0,0,0,0,
1068,16,43,31,31,36,73,
1069,16,44,51,51,60,120,
1070,16,45,37,37,43,88,
1071,16,46,45,46,54,109,
1072,16,47,41,41,48,98,
1073,16,48,0,0,0,0,
1074,16,49,0,0,0,0,
1075,16,50,0,0,0,0,
1076,16,51,8,17,9,26,
1077,16,52,8,7,6,10,
1078,16,53,4,8,4,15,
1079,16,54,73,51,18,91,
1080,16,55,13,29,15,54,
1081,16,56,8,18,9,32,
1082,16,57,9,19,10,38,
1083,16,58,11,6,8,14,
1084,16,59,13,24,13,44,
1085,16,60,72,48,9,74,
1086,16,61,0,0,0,0,
1087,16,62,0,0,0,0,
1088,16,63,0,0,0,0,
1089,17,0,0,0,0,0,
1090,17,1,0,0,0,0,
1091,17,2,0,0,0,0,
1092,17,3,0,0,0,0,
1093,17,4,0,0,0,0,
1094,17,5,0,0,0,0,
1095,17,6,0,0,0,0,
1096,17,7,0,0,0,0,
1097,17,8,0,0,0,0,
1098,17,9,0,0,0,0,
1099,17,10,0,0,0,0,
1100,17,11,0,0,0,0,
1101,17,12,0,0,0,0,
1102,17,13,0,0,0,0,
1103,17,14,0,0,0,0,
1104,17,15,28,18,16,46,
1105,17,16,34,49,28,80,
1106,17,17,28,18,16,46,
1107,17,18,0,0,0,0,
1108,17,19,45,43,30,86,
1109,17,20,176,130,104,255,
1110,17,21,176,130,104,255,
1111,17,22,43,30,23,64,
1112,17,23,43,30,23,64,
1113,17,24,108,132,76,255,
1114,17,25,108,132,76,255,
1115,17,26,110,134,77,255,
1116,17,27,112,136,79,255,
1117,17,28,87,126,69,255,
1118,17,29,6,5,5,12,
1119,17,30,73,58,43,124,
1120,17,31,6,5,5,12,
1121,17,32,43,34,28,63,
1122,17,33,93,72,53,151,
1123,17,34,43,34,28,63,
1124,17,35,0,0,0,0,
1125,17,36,0,0,0,0,
1126,17,37,47,70,97,173,
1127,17,38,57,88,121,215,
1128,17,39,29,32,38,70,
1129,17,40,47,52,63,111,
1130,17,41,0,0,0,0,
1131,17,42,46,51,62,111,
1132,17,43,85,42,33,161,
1133,17,44,79,39,31,149,
1134,17,45,77,39,30,147,
1135,17,46,72,36,28,137,
1136,17,47,53,27,22,103,
1137,17,48,0,0,0,0,
1138,17,49,0,0,0,0,
1139,17,50,95,63,48,137,
1140,17,51,63,40,17,74,
1141,17,52,59,63,50,100,
1142,17,53,79,43,22,106,
1143,17,54,41,44,20,80,
1144,17,55,38,16,17,66,
1145,17,56,60,48,37,82,
1146,17,57,40,25,17,66,
1147,17,58,72,57,58,141,
1148,17,59,51,29,36,86,
1149,17,60,99,72,20,103,
1150,17,61,36,66,36,124,
1151,17,62,0,0,0,0,
1152,17,63,0,0,0,0,
1153,18,0,0,0,0,0,
1154,18,1,255,255,255,255,
1155,18,2,195,197,197,197,
1156,18,3,195,197,197,197,
1157,18,4,135,137,137,137,
1158,18,5,182,204,206,208,
1159,18,6,128,138,138,139,
1160,18,7,26,31,32,33,
1161,18,8,11,12,12,12,
1162,18,9,0,0,0,0,
1163,18,10,0,0,0,0,
1164,18,11,3,155,221,255,
1165,18,12,5,156,222,255,
1166,18,13,3,155,221,255,
1167,18,14,4,156,221,255,
1168,18,15,95,78,64,128,
1169,18,16,0,0,0,0,
1170,18,17,95,78,64,128,
1171,18,18,139,186,93,255,
1172,18,19,113,103,79,167,
1173,18,20,93,123,71,255,
1174,18,21,107,137,81,255,
1175,18,22,133,125,82,255,
1176,18,23,132,124,81,255,
1177,18,24,110,139,83,255,
1178,18,25,52,55,38,111,
1179,18,26,109,88,63,191,
1180,18,27,109,88,63,191,
1181,18,28,52,55,38,111,
1182,18,29,3,2,2,5,
1183,18,30,100,126,74,255,
1184,18,31,3,2,2,5,
1185,18,32,4,6,3,15,
1186,18,33,33,50,28,96,
1187,18,34,4,6,3,15,
1188,18,35,0,0,0,0,
1189,18,36,0,0,0,0,
1190,18,37,68,72,85,141,
1191,18,38,56,59,68,115,
1192,18,39,53,58,75,141,
1193,18,40,32,35,46,85,
1194,18,41,25,28,36,71,
1195,18,42,46,52,66,128,
1196,18,43,0,0,0,0,
1197,18,44,30,32,36,52,
1198,18,45,50,53,62,94,
1199,18,46,0,0,0,0,
1200,18,47,0,0,0,0,
1201,18,48,0,0,0,0,
1202,18,49,0,0,0,0,
1203,18,50,0,0,0,0,
1204,18,51,0,0,0,0,
1205,18,52,0,0,0,0,
1206,18,53,0,0,0,0,
1207,18,54,0,0,0,0,
1208,18,55,0,0,0,0,
1209,18,56,0,0,0,0,
1210,18,57,0,0,0,0,
1211,18,58,0,0,0,0,
1212,18,59,0,0,0,0,
1213,18,60,0,0,0,0,
1214,18,61,0,0,0,0,
1215,18,62,0,0,0,0,
1216,18,63,0,0,0,0,
1217,19,0,0,0,0,0,
1218,19,1,182,204,206,208,
1219,19,2,26,31,32,33,
1220,19,3,128,138,138,139,
1221,19,4,11,12,12,12,
1222,19,5,82,101,102,106,
1223,19,6,15,20,20,21,
1224,19,7,15,20,20,21,
1225,19,8,0,0,0,0,
1226,19,9,0,0,0,0,
1227,19,10,0,0,0,0,
1228,19,11,5,156,222,255,
1229,19,12,2,154,220,255,
1230,19,13,5,156,222,255,
1231,19,14,1,154,219,255,
1232,19,15,96,79,66,128,
1233,19,16,0,0,0,0,
1234,19,17,96,79,66,128,
1235,19,18,141,148,101,255,
1236,19,19,95,78,64,128,
1237,19,20,32,54,28,112,
1238,19,21,85,134,70,255,
1239,19,22,108,131,75,255,
1240,19,23,163,163,108,255,
1241,19,24,99,78,64,143,
1242,19,25,163,163,108,255,
1243,19,26,108,131,75,255,
1244,19,27,85,134,70,255,
1245,19,28,32,54,28,112,
1246,19,29,0,0,0,0,
1247,19,30,79,128,67,255,
1248,19,31,0,0,0,0,
1249,19,32,33,54,29,112,
1250,19,33,88,136,71,255,
1251,19,34,33,54,29,112,
1252,19,35,0,0,0,0,
1253,19,36,0,0,0,0,
1254,19,37,29,32,39,71,
1255,19,38,28,32,39,71,
1256,19,39,0,0,0,0,
1257,19,40,31,49,57,93,
1258,19,41,31,49,57,93,
1259,19,42,0,0,0,0,
1260,19,43,0,0,0,0,
1261,19,44,34,38,47,83,
1262,19,45,31,35,43,79,
1263,19,46,26,29,36,61,
1264,19,47,26,29,36,61,
1265,19,48,0,0,0,0,
1266,19,49,17,33,55,90,
1267,19,50,69,41,31,90,
1268,19,51,52,35,26,73,
1269,19,52,54,35,26,74,
1270,19,53,0,0,0,0,
1271,19,54,0,0,0,0,
1272,19,55,0,0,0,0,
1273,19,56,17,19,28,65,
1274,19,57,74,35,55,110,
1275,19,58,89,45,19,99,
1276,19,59,71,56,46,86,
1277,19,60,110,49,39,154,
1278,19,61,103,45,36,146,
1279,19,62,0,0,0,0,
1280,19,63,0,0,0,0,
